id,name,email,signup_date,is_active,age
1,George Wilkins,anthony19@example.net,2020-01-23,True,34
2,Kelly Davis,jorgeho@example.com,2023-12-21,True,58
3,Kimberly Mccarthy,julie95@example.com,2023-07-27,True,45
4,Matthew Whitaker MD,jessicazimmerman@example.org,2023-03-27,False,60
5,Amanda Glass,ashley71@example.com,2020-12-03,False,39
6,Travis Robinson,justin57@example.org,2024-09-15,False,50
7,Amy Wilson,thomaslamb@example.net,2022-04-07,False,31
8,Jeanne Liu,qboyd@example.com,2020-12-10,True,39
9,Michael Chavez,kevinfitzpatrick@example.com,2024-06-17,True,66
10,Hannah Brown,keith32@example.com,2020-07-26,True,18
11,Ashley Haynes,frenchjose@example.com,2023-02-28,False,56
12,Elizabeth Wright,alisonyoung@example.com,2022-09-21,False,41
13,John Wright,rwells@example.com,2021-04-27,True,32
14,Brian Ray,william41@example.com,2021-04-23,True,20
15,Raymond Williams,matthew21@example.org,2021-07-20,True,57
16,Lucas Howard,oweaver@example.org,2024-07-24,False,24
17,Cassidy Lee,diana65@example.com,2022-11-15,True,50
18,Brandy Ramos,patriciadiaz@example.com,2024-06-29,False,33
19,Maria Chapman,marcussantiago@example.com,2020-10-15,True,49
20,Dana Perez,matthewmaddox@example.com,2020-02-12,True,30
21,Madison Sullivan,james01@example.net,2020-09-13,True,66
22,Erin Marsh,joseph08@example.net,2021-03-07,False,42
23,Andrew Duke,efarmer@example.org,2020-10-20,True,67
24,Pam Owens,davidhood@example.com,2020-11-29,False,66
25,Tony Wright,kathycharles@example.org,2021-07-21,True,63
26,Courtney Hall,monicajohnson@example.net,2023-10-21,True,42
27,Melissa James,evaughan@example.net,2020-07-31,False,65
28,Anthony Morales,elizabeth97@example.org,2021-11-17,False,65
29,Ruth Norman,wellskaren@example.net,2024-04-13,True,61
30,Jennifer Gilbert,gferguson@example.net,2024-07-21,False,48
31,William Perry,hughesconnor@example.org,2021-02-14,True,65
32,Kristie Hunt,ujohnson@example.com,2023-11-10,False,48
33,Jeff Ochoa,tanya87@example.org,2022-12-23,False,40
34,Tara Harrison,xmartinez@example.com,2022-12-17,True,66
35,Jason Matthews,martinbrandi@example.org,2023-12-29,False,46
36,Steven Jones,stonedonna@example.net,2021-07-03,True,32
37,Rachel Colon,amandaschmitt@example.com,2024-12-11,False,23
38,Stacey French,ntaylor@example.net,2021-06-06,False,68
39,Brooke Weaver,stephaniesmith@example.org,2023-04-10,False,22
40,Shawn Baird,robertsrenee@example.com,2024-10-04,True,39
41,Jacob Anderson,kathy54@example.org,2020-04-15,True,45
42,Crystal Pittman,vhoover@example.com,2020-03-10,False,58
43,Randy Hamilton,duanemoses@example.com,2022-08-23,True,67
44,Charles Bright,dunnmary@example.org,2022-11-14,True,19
45,Mike Richard,daniel15@example.net,2020-08-25,True,67
46,Tamara Washington,yharrison@example.com,2020-10-26,True,19
47,Anthony Church,ufrye@example.org,2021-05-18,True,20
48,Gregory Harris,robinsonglenda@example.org,2022-02-22,False,19
49,Scott Davidson,burnetteileen@example.org,2024-11-15,True,54
50,James Perez,david24@example.com,2020-12-08,False,36
51,Amy Petersen,matthew46@example.com,2022-09-02,True,47
52,Susan Reed,robinsonemily@example.net,2020-06-21,False,65
53,Mr. Eric Brown,ryancheryl@example.net,2020-12-15,False,54
54,Mr. Chase Nelson,jbullock@example.org,2023-11-25,False,66
55,Jonathan Beck,arthur58@example.com,2023-06-02,False,30
56,Alexandra Powell,deborahclark@example.com,2020-06-10,True,67
57,Jose Ramos,lwalsh@example.com,2021-07-31,False,57
58,Monica Woodward,perezmatthew@example.org,2021-03-20,False,30
59,Julie Jones,katrinamyers@example.org,2020-02-10,True,29
60,Jeffrey Perry,rebecca39@example.com,2020-08-07,False,40
61,Joseph Wilson,warrenlisa@example.net,2021-04-22,False,52
62,Kevin Pierce,rebeccasmith@example.com,2023-07-22,False,67
63,Sabrina Brooks,fbush@example.org,2024-12-01,True,69
64,Daniel Rios,tiffany86@example.net,2023-11-29,True,38
65,Christine Crane,dennisgarcia@example.com,2021-06-28,True,62
66,Jason Weiss,ricejordan@example.org,2021-02-07,True,30
67,Teresa Griffin,chadwilson@example.net,2023-04-20,True,49
68,Jennifer Ayala,jwoods@example.org,2024-11-24,False,41
69,Michael Flores,kathleenmiranda@example.com,2020-04-20,False,67
70,Cory Gibson,mariastevenson@example.net,2020-11-23,True,57
71,Louis Preston,pmyers@example.org,2022-02-05,True,31
72,Billy Green,mendozagregory@example.net,2021-10-30,False,66
73,Melissa Brown,gabriellawagner@example.net,2024-10-08,True,21
74,Terri Rodriguez,ihatfield@example.org,2021-12-27,True,67
75,Carolyn Chan,gina92@example.com,2022-03-30,False,28
76,Juan Singh,hbenton@example.com,2024-01-12,True,26
77,Kathryn Allen,ebush@example.net,2020-10-21,True,43
78,Daniel Howell,keithgina@example.org,2020-10-02,True,37
79,Anna Mays,robinsontammy@example.com,2023-04-11,False,61
80,Kyle Brady,jenniferbaker@example.org,2022-08-17,True,44
81,Christy Wilson,vgallagher@example.net,2024-04-29,True,59
82,Emily Sharp,paul69@example.net,2021-09-16,False,54
83,Julie Johnson,bonillaryan@example.org,2020-08-06,True,52
84,Adam Martinez,jacqueline95@example.org,2022-05-06,False,52
85,Jeffrey Ferguson MD,ghart@example.org,2021-01-01,False,28
86,Connor Patton,kaitlynjackson@example.net,2021-02-01,True,56
87,Teresa Stevenson,heather87@example.net,2020-01-13,False,22
88,Tanya Harper,ashleysimmons@example.com,2023-04-01,True,57
89,Travis Blackwell,zoejimenez@example.com,2023-12-17,True,56
90,Amanda Wood,richard49@example.org,2022-08-11,True,61
91,Paige Hogan,cynthia91@example.org,2023-06-25,True,70
92,Mia Rowe,bprince@example.net,2024-10-11,False,49
93,Craig Matthews,icochran@example.org,2024-07-23,True,54
94,Sandra Bauer,tmolina@example.com,2020-09-11,True,38
95,Danielle Davis,tyoung@example.com,2022-06-14,False,52
96,Amanda Rowe,noblestephanie@example.org,2023-02-19,True,24
97,Jose Cox,ybrewer@example.org,2021-11-08,True,29
98,Victoria Davis,iwilliams@example.com,2023-02-04,True,20
99,Deanna Parrish,kristenvargas@example.org,2023-06-12,True,54
100,Kiara Price,annettejackson@example.org,2020-11-19,False,39
101,Kristen Brown,zmartin@example.org,2023-08-28,False,48
102,David Wagner,devinsmith@example.com,2024-05-12,True,31
103,Cynthia Perkins,juliefreeman@example.net,2023-12-10,False,21
104,Ann Hill,acook@example.com,2022-02-23,True,40
105,Brittany Rivera,nathanieljenkins@example.org,2020-09-12,True,44
106,Joseph Phillips,kimberly72@example.net,2020-05-25,True,30
107,Amy Walker,ramirezveronica@example.net,2023-02-25,False,19
108,Dennis Poole,andrewperkins@example.org,2020-07-01,False,67
109,Jennifer Williams,jerrymoss@example.org,2020-02-04,True,30
110,Jessica Fischer,valdezbeth@example.com,2021-05-09,False,65
111,Danielle Bell,allenkatie@example.org,2023-03-22,False,42
112,Brian Sanchez,willisbruce@example.com,2023-08-04,False,26
113,Kevin Williams,amy58@example.com,2022-12-17,False,68
114,Aaron Good,juliadyer@example.org,2022-11-05,True,64
115,Mark Reid,james04@example.com,2024-02-10,False,45
116,Melissa Cruz,catherinemckay@example.org,2023-08-26,True,45
117,Joseph Bowman,castillodavid@example.org,2021-12-06,False,65
118,Julia Gaines,elizabeth01@example.com,2024-03-13,True,31
119,Todd Walker,valeriemiller@example.net,2022-05-16,True,26
120,Michelle Oneal,wellstamara@example.org,2023-02-01,True,36
121,Nicholas Obrien,samuel26@example.org,2020-04-22,True,69
122,William Rodgers,vsoto@example.com,2021-07-27,False,56
123,Shannon Glenn,clarkchristopher@example.org,2021-11-06,True,38
124,Cheryl Oliver,lerebecca@example.com,2023-09-12,True,69
125,Lindsey Lee,paul98@example.com,2023-08-11,True,24
126,Samantha Mitchell,satkins@example.com,2024-05-18,False,21
127,Christian Garcia,jacksonkelsey@example.org,2021-10-07,False,38
128,Crystal Wagner MD,larrydiaz@example.com,2021-01-03,True,68
129,Jacob Ortega,samanthaferguson@example.com,2023-06-12,True,38
130,Brianna Stone,hansonsarah@example.net,2022-02-17,True,18
131,Stephen Walker,sherrywalls@example.org,2022-10-31,False,58
132,Joyce Collier,brandifields@example.org,2023-08-05,True,46
133,Dr. Mark Richard DDS,hulljessica@example.net,2021-01-23,True,22
134,Chris Schultz,whitecurtis@example.com,2020-10-08,False,64
135,Jacob Cook,bobby53@example.net,2020-03-28,False,18
136,Chelsea Moore,qgibson@example.net,2020-03-01,False,41
137,Sean Marshall,pamelanelson@example.com,2021-04-23,False,35
138,Melissa Perkins,martindavid@example.com,2022-08-17,False,61
139,Darryl Welch,talexander@example.com,2024-05-28,False,45
140,Jenna Combs,jocelyn87@example.org,2023-05-04,False,70
141,Kelsey Alexander PhD,raydarryl@example.com,2021-12-15,False,33
142,Douglas Bailey,swarren@example.org,2022-02-23,False,63
143,Michael Murphy,parkbryan@example.net,2023-07-09,True,29
144,Shannon Bell,amanda39@example.net,2023-05-18,True,57
145,Elijah Lopez,jwilliams@example.org,2021-05-10,False,69
146,Mario Gonzalez,cgeorge@example.com,2022-05-30,False,70
147,Corey Phillips,fhernandez@example.net,2021-04-29,False,42
148,Devin Luna,kmendoza@example.com,2022-10-27,True,67
149,Tiffany Edwards,melissawilson@example.net,2024-02-20,True,59
150,Summer Berry,philip10@example.org,2022-03-14,True,65
151,Sarah Olson,david00@example.net,2023-04-13,True,50
152,Lori Holloway,amy91@example.com,2022-12-29,True,47
153,Terri Ramsey,jeffreysmith@example.net,2022-10-02,False,67
154,David Thomas,alexandrabrown@example.com,2024-12-02,True,43
155,Gregory Cain,bharris@example.com,2023-11-09,True,26
156,Zachary Simmons,pharmon@example.net,2022-06-13,False,26
157,Dr. Eric Robinson,pphillips@example.org,2024-10-10,True,20
158,Tanya Cain,bellpatrick@example.org,2021-11-04,False,35
159,Juan Huang,pirwin@example.com,2021-08-30,True,70
160,Lisa Rodriguez,ronald60@example.net,2020-06-24,False,69
161,Crystal Bird,kelly61@example.org,2020-02-19,True,53
162,Jessica Davis,dwarren@example.net,2021-09-19,False,36
163,Jerry Sherman,andrea75@example.com,2021-04-16,False,55
164,Keith Murphy,cody58@example.org,2024-08-27,False,34
165,Cheryl Sanchez,codyturner@example.net,2023-09-20,True,32
166,Levi Schultz,figueroarebecca@example.com,2021-04-25,False,44
167,Mitchell Johns,norman94@example.com,2024-06-14,True,44
168,Kayla Hill,cburnett@example.net,2024-07-14,True,22
169,Tracy Gonzalez,lauren41@example.org,2021-04-11,False,61
170,Christian Daniels,davislinda@example.net,2022-02-16,True,27
171,Kelly Phelps,vjohnson@example.org,2024-11-19,True,68
172,Shannon Martinez,pramirez@example.org,2021-05-14,True,64
173,Terri Riley,ztaylor@example.com,2020-07-28,False,67
174,Cynthia Scott,carolynjohnson@example.org,2021-12-05,False,34
175,Theresa Mcneil,nhamilton@example.org,2021-12-11,False,28
176,Joseph Jordan,theresaolson@example.net,2020-01-28,True,70
177,John Holloway,leachkimberly@example.org,2024-06-15,True,19
178,Michael Fernandez,ljarvis@example.com,2020-04-18,True,24
179,Linda Haney,rachel20@example.org,2021-07-10,True,37
180,Phillip Smith,claytonjames@example.net,2024-04-15,True,43
181,Ashley Oliver,butlerbarbara@example.net,2023-08-21,False,63
182,Amanda Kelly,patricia31@example.org,2020-09-03,True,26
183,Shawn Clark,frobinson@example.com,2024-10-09,True,44
184,Christina Freeman,brooksemily@example.org,2024-08-18,False,64
185,Alice Smith,greenedward@example.com,2022-05-26,False,26
186,Casey Jenkins,leonardstephanie@example.com,2023-01-22,False,54
187,Vincent Dalton,staceystevens@example.net,2023-05-31,True,69
188,Joshua Taylor,isandoval@example.net,2024-04-05,True,35
189,Brian Kramer,dominguezdawn@example.net,2020-11-06,True,43
190,Kenneth Dennis,andrew62@example.org,2024-04-26,False,58
191,Erik James,byrddeborah@example.net,2021-01-07,False,24
192,Susan Johnson,deckerscott@example.com,2023-07-07,False,46
193,Samantha Blevins,andrea74@example.com,2023-08-25,False,57
194,Ann Deleon,alvarezlisa@example.net,2023-05-29,True,52
195,Anthony Johnson,allison72@example.net,2024-07-30,True,28
196,Catherine Sosa,john00@example.net,2022-07-19,False,18
197,Mr. Matthew Reed Jr.,susan62@example.com,2024-07-14,True,56
198,Diana Savage,icollins@example.com,2020-11-13,False,46
199,Patrick Olson,hortonpaul@example.net,2021-05-05,True,56
200,Kelsey Adams,mclaughlinchristopher@example.org,2022-05-23,True,33
201,Ashley White,robert03@example.net,2023-07-23,True,57
202,Luis Obrien,paul83@example.org,2022-10-31,True,20
203,Stephen Cohen,rosenichole@example.com,2024-10-27,True,24
204,Jason Smith,heatherhancock@example.org,2024-10-22,True,62
205,Jody Phillips,adammitchell@example.com,2020-02-06,True,19
206,Nicole Solis,yolandaoneill@example.org,2021-03-28,True,44
207,Zachary Rangel,jaredrodriguez@example.org,2020-12-31,False,61
208,Deborah Garner,jamesgeorge@example.org,2020-03-20,False,58
209,Jordan Mcgee,marie74@example.net,2023-01-04,True,21
210,Gail Baker,brent83@example.net,2020-12-23,True,68
211,Linda Hughes,lisaalvarez@example.org,2021-11-25,False,33
212,Dennis Farmer,edward32@example.org,2024-12-31,False,36
213,Kimberly Jackson,gterry@example.com,2021-12-20,True,36
214,Amy West,thomas11@example.org,2024-04-22,True,68
215,Maria Mason,christopher06@example.net,2023-11-27,False,33
216,Ronald Johnson,brycelewis@example.net,2020-04-14,True,55
217,Carl Hendrix,markmorrison@example.com,2021-06-01,False,44
218,Donald Anderson,lindsaymonroe@example.net,2023-06-25,False,26
219,Jeffrey Carter,john38@example.org,2020-08-22,False,32
220,Robert Henderson,michael64@example.com,2020-09-11,True,69
221,James Sanchez,aimeedavis@example.net,2021-04-30,False,47
222,Matthew Wyatt,ereynolds@example.com,2021-07-02,False,41
223,Jack Shaffer,ccisneros@example.net,2024-07-04,True,38
224,Kayla Davis,ashley02@example.org,2022-06-10,True,24
225,Joe Smith,hannahwilliams@example.com,2021-10-29,False,43
226,Jill Ross,amytorres@example.org,2021-12-07,False,28
227,Lisa Maldonado DDS,dgarcia@example.com,2020-10-24,True,63
228,Jeffrey Koch DDS,megan19@example.net,2022-01-17,True,42
229,Megan Bartlett,duketeresa@example.com,2023-06-19,False,49
230,Justin Carpenter,reynoldspatricia@example.com,2024-10-01,False,48
231,Bailey Johnson,lori91@example.com,2020-09-04,True,35
232,Richard Forbes,ksavage@example.net,2020-03-03,True,57
233,Tracy Jefferson,deborah00@example.net,2022-09-07,True,43
234,Daniel Schmidt,jclark@example.net,2021-06-04,False,45
235,Janet Smith,eugene76@example.org,2021-07-28,False,45
236,Peter Foster,chelsea14@example.com,2024-01-09,True,40
237,Ronald Atkins,david65@example.net,2021-12-19,False,67
238,Mr. Ian Morgan,williamsjose@example.net,2022-07-08,True,55
239,Kelly Mullins,ylewis@example.org,2023-02-14,True,55
240,Sheila Perez,elizabethjohnson@example.com,2023-04-20,False,67
241,Jacob Schmidt,ogonzalez@example.com,2021-12-17,False,40
242,Casey Newton,nicholasgray@example.com,2024-10-07,False,23
243,Scott Turner,christophervazquez@example.net,2021-11-02,False,56
244,Michael Clark,kimberlylewis@example.net,2024-07-16,False,18
245,Anita Cook,michaelmoore@example.net,2024-05-05,True,52
246,Tyler White,ivazquez@example.org,2022-04-02,False,64
247,Justin Hernandez,scott01@example.net,2022-11-12,False,58
248,Jacob Hall,wmurphy@example.com,2022-05-13,True,24
249,Michael Smith,clarkbonnie@example.com,2022-01-09,False,57
250,Michael May,katie11@example.com,2024-10-31,False,44
251,Jason Johnson,millsjustin@example.net,2022-11-17,True,31
252,Arthur Beard,churchtheresa@example.org,2024-01-01,False,56
253,James Stevenson,fphillips@example.org,2024-10-31,True,45
254,Cindy Lewis,portiz@example.net,2021-06-25,False,66
255,Jennifer Cunningham,john65@example.com,2024-11-23,False,19
256,Kelsey Sanders,berrybrett@example.org,2021-01-15,True,21
257,Dawn Clark,rachel62@example.com,2020-09-30,True,33
258,Maria Jones,vpatterson@example.org,2020-04-04,True,33
259,Andrea Davidson,montgomerydustin@example.net,2023-10-05,True,22
260,Michael Hart,jessicaayala@example.org,2021-02-13,False,60
261,Zachary White,kellystanley@example.com,2022-12-29,True,54
262,Jeffrey Walsh,danielcooper@example.com,2024-12-07,True,67
263,Austin Martin,qlee@example.org,2023-11-02,False,19
264,Lauren Branch,llarson@example.com,2021-11-06,True,46
265,Anna Davis,ofreeman@example.net,2022-01-06,True,61
266,Shelia George,thomas67@example.net,2020-10-05,True,57
267,Jacqueline Chen,riverakatherine@example.net,2022-03-11,False,45
268,Michael Hernandez,walkerdavid@example.org,2022-12-27,True,34
269,Elaine Watson,alyssamathews@example.com,2021-03-29,False,70
270,Christopher Gomez,mhoward@example.com,2022-05-05,True,55
271,William Wang Jr.,allen58@example.com,2020-07-09,False,52
272,Devon Collins,courtneywilliams@example.com,2021-09-14,False,18
273,Erika Watkins,yolanda90@example.com,2020-11-02,False,62
274,Patricia Roberts,udavis@example.net,2021-04-22,False,65
275,Anthony Davis,ohall@example.org,2022-02-11,False,34
276,David Berger,watsongregory@example.com,2021-09-14,False,46
277,Rebecca Jones,greenedward@example.net,2023-11-30,False,70
278,Cynthia Hill,kylecharles@example.net,2024-04-03,True,38
279,Tina Hernandez,fwong@example.org,2024-12-12,True,58
280,William Davis,owalker@example.com,2022-12-15,True,47
281,Matthew Fuller,christopherlucas@example.net,2023-11-27,False,37
282,Steven Pitts,danielssteven@example.com,2022-01-24,False,62
283,Daniel Jones,micheal64@example.com,2021-03-26,False,30
284,Vanessa Robinson,christina90@example.com,2024-11-21,True,62
285,James Moore,mbrennan@example.org,2023-05-17,False,48
286,Anthony Clark,macdonaldfrank@example.org,2022-07-05,False,54
287,Hannah Reed,sbrown@example.com,2022-06-10,True,33
288,Michael Oconnor,william86@example.org,2021-07-19,True,50
289,Stephen Frank,bensonkimberly@example.net,2020-06-07,True,47
290,Sarah Hall,steven17@example.net,2023-12-17,False,58
291,Robert Knox,allennatalie@example.org,2024-06-15,False,25
292,Corey Christian,bsolomon@example.com,2024-06-10,True,32
293,Jonathan Dennis,mbrown@example.com,2022-10-21,False,59
294,David Allen,pachecostephanie@example.org,2020-10-17,False,28
295,Greg Allen,barnettgabriel@example.net,2022-01-19,False,34
296,Julie Stewart,courtneywalker@example.com,2021-01-28,True,41
297,Frank Olsen,rknapp@example.org,2024-12-30,True,66
298,Timothy Elliott,njones@example.com,2024-06-18,False,32
299,Erica Roth,ericahowell@example.com,2024-12-01,False,32
300,Michael Miller,kimberly24@example.net,2024-12-07,False,26
301,Karen Baker,tiffany36@example.org,2022-10-07,True,43
302,Alexis Brooks,joseph00@example.net,2023-02-23,False,46
303,Sarah Valenzuela,camposjeffrey@example.org,2022-02-07,True,51
304,Linda Hicks,daltontodd@example.org,2024-04-18,False,60
305,Samantha Rodriguez,mary43@example.org,2023-11-08,False,49
306,Devin Ortiz,ebonyquinn@example.net,2022-11-04,True,56
307,Travis Mendez,millerkelly@example.com,2021-04-12,False,58
308,Stacy Rowland,smithsandra@example.com,2022-10-31,True,63
309,Mike Smith,sandra46@example.org,2022-09-15,False,39
310,Cynthia Taylor,smithbryan@example.org,2021-12-10,True,58
311,Cassandra Lara DDS,fharvey@example.net,2022-09-20,True,58
312,Bethany Cooper,lwright@example.com,2022-04-25,True,56
313,Claire Davis,adamchen@example.net,2022-04-01,False,57
314,Patricia Campbell,scarter@example.org,2024-07-31,True,66
315,David Thomas,garyford@example.com,2022-10-31,True,26
316,Aaron Lewis,kimberly04@example.net,2021-01-29,True,53
317,Jeffrey Johnson,taylor81@example.net,2022-01-12,True,70
318,Albert Edwards,martinsharon@example.com,2020-09-30,True,28
319,Michael Mcknight,ocameron@example.net,2023-04-14,False,53
320,David Compton,turnertiffany@example.net,2021-08-23,False,25
321,Jorge Farley,tlogan@example.org,2023-11-03,False,41
322,Isaac Davis,nancy17@example.net,2024-02-05,True,40
323,Geoffrey Lara,conradamy@example.net,2024-01-01,True,30
324,Benjamin Valdez,patricia47@example.org,2021-06-03,False,70
325,Nancy Jackson,bschmidt@example.org,2024-03-19,True,66
326,Michelle Coleman,john41@example.com,2022-03-21,False,49
327,Susan Wu,graytimothy@example.net,2021-08-22,True,35
328,Miss Brenda Hubbard,lopezanthony@example.net,2020-10-07,False,61
329,Adam White,kchandler@example.net,2021-04-13,False,38
330,Rebecca Rodriguez,james98@example.org,2022-08-01,False,26
331,Phillip Cooper,estradahunter@example.net,2024-08-12,False,56
332,Mr. Jonathan Johnson,kclark@example.org,2022-03-14,False,41
333,Ronnie Hill,ibarrabonnie@example.net,2020-05-15,True,26
334,Tanya Vargas,lisa03@example.com,2024-01-27,True,42
335,Mary Goodman,emilysosa@example.org,2021-06-19,False,27
336,Maria Small,cholder@example.com,2020-04-23,False,58
337,Brandon Ortiz,cwhite@example.net,2021-12-15,False,65
338,Kristin Lyons,fhorton@example.com,2024-09-24,False,67
339,Shane Davis,gregorycampbell@example.net,2022-11-14,True,58
340,Virginia Cruz,joshuamarquez@example.com,2024-01-15,False,63
341,Erica Perez,phillipreyes@example.org,2022-11-16,False,59
342,Jordan Richards,sarah39@example.com,2023-06-15,False,38
343,Julie Li,jacob62@example.com,2024-06-08,False,61
344,Michele Flores MD,gayshelby@example.com,2021-01-07,False,20
345,Patrick Lutz,nmiles@example.org,2022-03-31,True,66
346,Jonathan Olsen,vasquezbrian@example.org,2020-09-08,True,48
347,Frank Beck,jessica02@example.org,2022-10-13,False,33
348,Olivia Lopez,rcardenas@example.com,2021-02-01,True,45
349,Brian Fernandez,czhang@example.org,2023-02-22,True,61
350,Krista Alvarez,francispeter@example.net,2020-11-08,False,61
351,Richard Smith,qramirez@example.org,2023-02-22,False,66
352,Andrew Long,heather27@example.net,2020-03-06,True,41
353,Daniel Valentine,michelledavis@example.com,2020-04-07,True,61
354,Stephen Hobbs,spowell@example.net,2020-02-26,False,65
355,Michael Bailey,evansjames@example.org,2023-06-20,False,31
356,Hayley Schultz,sharon29@example.net,2022-09-11,True,46
357,Erika Russo,fjones@example.com,2024-09-23,True,38
358,Eric Jenkins,sarahflores@example.net,2020-01-02,False,65
359,Justin Ferguson,bethmedina@example.net,2020-12-30,True,49
360,Robert Bradford,wilsonsarah@example.net,2023-08-28,False,69
361,Sabrina Shah,cantumckenzie@example.net,2021-03-24,False,29
362,Janet Hicks,austinjason@example.org,2023-12-11,False,37
363,Meghan Hall,michellezavala@example.org,2021-09-05,True,38
364,James Moon,saralang@example.org,2020-05-31,False,58
365,Tina Roberts,greenbarbara@example.net,2022-10-05,True,44
366,Antonio Richardson,bfisher@example.net,2021-11-20,True,23
367,Mr. Kevin Ellison,elizabethramirez@example.com,2022-03-18,False,58
368,John Jones,archerheidi@example.org,2023-01-25,False,20
369,Kristi Williams,carsonjohn@example.com,2022-12-11,True,66
370,Joseph Forbes,harperjoseph@example.org,2022-01-22,True,25
371,Marissa Myers,zmeyer@example.com,2024-04-01,True,55
372,Tyler Baker,ptorres@example.org,2024-05-09,True,39
373,Richard Ruiz,knightmelissa@example.com,2021-01-28,False,58
374,Andrea Kennedy,gloria84@example.com,2020-10-13,False,52
375,Erica King,higginsdaniel@example.net,2022-07-20,True,55
376,Christopher Davis,joshuamcknight@example.net,2022-06-13,True,39
377,Mark Wade,vanderson@example.org,2023-06-16,True,70
378,Victor Holt,dawnortiz@example.net,2023-07-28,True,66
379,Erik Myers,hmcdaniel@example.org,2022-12-10,True,60
380,Michael Davis,dshaffer@example.org,2020-12-16,False,54
381,Jordan Alexander,fernandezariel@example.com,2023-08-06,False,52
382,Jennifer Edwards,gary31@example.com,2022-05-03,True,31
383,Jessica Moses,juliezuniga@example.org,2023-10-14,True,49
384,Monica Allen,kimberlysharp@example.net,2024-10-03,False,18
385,Juan Drake,levalerie@example.org,2020-11-24,True,23
386,Tracy Garcia,frodriguez@example.com,2023-03-22,True,54
387,Roger Hall,christopher62@example.com,2024-04-15,True,40
388,Jeffery Keith,lharmon@example.org,2021-10-01,False,42
389,Brittany Allen,erikmorris@example.org,2020-07-26,False,58
390,Mr. Nicholas Edwards Jr.,phillipsdennis@example.com,2024-12-05,False,38
391,Scott Sanchez,sedwards@example.com,2021-07-16,True,63
392,Nicholas Jordan,gallagherallen@example.org,2020-05-21,False,67
393,Danny Young PhD,lindagarner@example.com,2020-11-27,True,50
394,Keith Crawford,websterjason@example.org,2020-08-29,True,25
395,Christina Bell,hannah19@example.com,2022-11-18,False,69
396,Christina Foster,daniel39@example.net,2020-01-12,True,40
397,Brandon Sims,martineric@example.net,2022-09-12,False,51
398,Jared Barnes,lozanodavid@example.com,2022-09-05,True,53
399,Paul White,natalie54@example.org,2024-07-16,False,60
400,Gavin Mclaughlin,robinsonkristin@example.net,2021-12-25,False,45
401,Jessica Sparks,michelehood@example.net,2022-03-10,False,55
402,Nicole Johnson,kevin89@example.net,2024-12-30,True,40
403,Chase Roberts,shannonmason@example.net,2021-01-09,True,27
404,Joseph Guerrero,zpayne@example.com,2021-07-05,True,51
405,Anthony Terrell,orivera@example.com,2022-06-30,True,63
406,Jade Clark,michellenelson@example.net,2024-11-20,False,23
407,Crystal Bentley,sharonking@example.com,2023-06-16,True,22
408,Robert Baker,jenny20@example.com,2021-03-05,False,19
409,Mark Hart,deborahramos@example.net,2024-05-12,False,60
410,Dylan Smith,vhernandez@example.net,2023-12-29,False,64
411,Nancy Brown,mikewalker@example.com,2023-12-29,True,41
412,Michael Berg,mcampbell@example.org,2020-06-14,True,56
413,Dr. Steven Robbins MD,jason94@example.com,2020-01-27,True,30
414,Charles Gould,johnstonrichard@example.org,2021-07-03,True,18
415,Larry Carr,tnorton@example.com,2021-05-02,True,63
416,Laura Shields,christopherwilliams@example.net,2022-11-17,False,22
417,Ashley Raymond,saraweaver@example.org,2024-01-14,False,22
418,Victoria Hamilton,carol62@example.com,2024-08-24,False,30
419,Heidi Martinez,oross@example.com,2022-12-26,False,45
420,Amy Peters,jenniferbrennan@example.org,2023-10-25,False,61
421,Laura Jones,perkinscassandra@example.org,2023-03-31,True,28
422,Alisha Matthews,cynthia51@example.net,2022-08-13,False,64
423,Nicole Johnson,adavis@example.com,2023-01-29,True,53
424,Joyce Castillo,brownrobert@example.net,2023-11-14,True,22
425,Richard Montoya,loripeters@example.net,2021-07-28,True,51
426,Joseph Adams,bryanallen@example.org,2022-07-29,True,30
427,Paul Thomas,wallsnicholas@example.org,2022-08-14,True,64
428,Thomas Soto,gabriel91@example.com,2021-03-05,False,34
429,Monica James,patrick62@example.org,2023-01-02,True,30
430,Devin Johnson,feliciawilliamson@example.org,2024-07-18,False,57
431,David Blevins,julie25@example.net,2022-11-19,False,38
432,Amy Mullins,richard49@example.net,2022-10-07,False,28
433,Thomas Davis,joe59@example.net,2024-06-26,True,41
434,John Bush,paul72@example.net,2020-06-19,True,40
435,Morgan Brady,kvillanueva@example.org,2020-09-04,False,28
436,Erin Smith,cruzdebra@example.com,2023-05-06,False,41
437,Adam Pierce,kylerocha@example.net,2020-10-02,False,58
438,Patricia Harrison,thompsonlatoya@example.net,2020-06-01,True,70
439,Brittany Erickson,gilbertrita@example.net,2022-04-19,True,54
440,Hunter Terry,bryanwilliam@example.com,2022-03-21,True,32
441,Kelly Daniels,michaelmiller@example.org,2024-08-25,False,67
442,Carl Clark,rachel04@example.com,2024-04-14,False,37
443,Kelsey Yoder,gonzalezmary@example.net,2023-02-13,True,61
444,Brittney Barnes,osbornecody@example.org,2021-02-22,True,70
445,Charles Strong,cheryl22@example.net,2023-11-11,False,36
446,Rebecca Donaldson,courtneyreed@example.net,2021-03-19,False,49
447,Tim Hall,kristenrandall@example.org,2024-05-23,False,20
448,Justin Mcbride,kpatterson@example.org,2023-11-07,True,44
449,John Smith,nboyle@example.org,2023-06-07,True,43
450,Rhonda Thompson,orusso@example.net,2021-05-25,False,37
451,Anthony Pope,emilyhernandez@example.net,2022-08-14,False,45
452,Connor Stanley,richardthompson@example.org,2024-01-25,False,37
453,Steven Foster,qfleming@example.org,2024-06-04,False,44
454,Anthony Leon,felicia17@example.com,2021-02-28,False,57
455,Joseph Nelson,mcfarlandbrian@example.org,2021-12-01,True,39
456,Marcus Smith,kayla71@example.com,2021-01-17,True,45
457,Catherine Nunez,smoody@example.org,2022-04-28,True,30
458,Daniel Miller,tiffanywolfe@example.org,2022-03-13,True,19
459,Bryan Lester,briggsandrea@example.com,2021-06-03,True,29
460,Eric Johnson,woodchristopher@example.com,2020-12-01,False,38
461,Heather Collins,johnsonnatalie@example.org,2021-12-26,True,24
462,Marcia Jones,kherring@example.org,2023-03-21,True,33
463,Daniel Garrett,michael16@example.net,2023-08-01,True,68
464,Jeffrey Gibbs,dakota01@example.net,2022-04-24,True,31
465,Benjamin Newton,fdouglas@example.org,2022-11-15,False,56
466,Erika Elliott,veronica48@example.net,2023-06-09,False,43
467,Kathryn Fox,choiemily@example.org,2022-05-01,False,28
468,Tiffany Navarro,nicole21@example.org,2024-10-09,False,59
469,Kiara Patel,patricia61@example.com,2021-07-16,True,50
470,Rodney Jefferson,timothycastillo@example.com,2022-07-17,True,50
471,Pamela Lyons,suzanne76@example.org,2021-04-09,True,64
472,Michael Moore,lisa14@example.net,2023-02-03,False,43
473,Lisa Carter,gary03@example.net,2023-03-04,True,28
474,Walter Walker,millerfaith@example.net,2024-10-20,False,53
475,Emily Hunter,natasha49@example.org,2023-01-29,False,41
476,Nicole Gross,heidiburns@example.net,2023-05-27,True,67
477,Carrie Moore,cherylrowland@example.com,2023-05-23,True,47
478,Carla Haas,hineslaura@example.com,2020-01-03,False,30
479,Chase Howe,harrisonjames@example.com,2023-02-14,False,60
480,Dr. Joshua Wagner Jr.,rileyallison@example.com,2022-06-25,False,54
481,Nicholas Patterson,noahclay@example.org,2020-05-14,False,44
482,Samuel Stephenson,jacobsoneric@example.net,2020-10-24,True,33
483,Ronnie Oneill,jacksonanne@example.com,2023-07-14,False,41
484,Bryan Clark,cookandrew@example.com,2022-03-01,True,45
485,Ryan Pearson,steven59@example.org,2023-05-06,False,44
486,Randall Fowler,lewismatthew@example.net,2020-05-05,False,65
487,Sarah Dawson,phernandez@example.org,2020-10-10,False,64
488,Tanya Sanchez,ajames@example.net,2024-03-28,True,55
489,Mrs. Laurie Smith,tgarcia@example.com,2020-05-01,False,39
490,Carl Sandoval,cynthia13@example.com,2021-08-04,True,38
491,Cody Vasquez,aprilrobinson@example.com,2024-01-22,False,50
492,Daniel Rodriguez,amywilliams@example.net,2022-04-04,False,34
493,William Carroll,jeremyfrye@example.org,2020-05-24,False,32
494,Eric Stevens,tracy16@example.org,2024-09-28,True,22
495,Travis Shaw,joshualeach@example.org,2022-02-26,False,41
496,Melinda Bell,espinozacarla@example.net,2024-03-06,False,30
497,Anna Moore,ghinton@example.net,2021-08-23,False,57
498,Brad Hamilton,gary00@example.net,2022-10-18,True,68
499,Kayla Taylor,garythompson@example.com,2022-05-31,False,58
500,Eric Reynolds,meagan83@example.org,2020-10-18,True,60
501,Nicole Lynn,rhouston@example.org,2020-12-26,True,30
502,Kelly Jones,zachary12@example.net,2022-08-12,False,18
503,Jessica Sherman,qcunningham@example.org,2020-02-05,False,59
504,Brenda Hunt,jackpadilla@example.org,2024-04-23,False,45
505,Katherine Diaz,cruzaustin@example.org,2022-07-12,False,50
506,Danielle Rodriguez,ryan97@example.net,2023-11-26,True,25
507,Paul Brown,benjaminmoore@example.com,2023-07-08,False,31
508,Autumn Reynolds,lhughes@example.org,2020-10-22,False,56
509,Amber Forbes,tmills@example.org,2023-02-28,False,55
510,Gary Anderson,vgomez@example.net,2022-07-20,False,20
511,Sarah Simmons,ericksonmark@example.com,2020-06-06,True,49
512,Amanda Miller,haleymiller@example.com,2023-01-04,True,31
513,Mary Norton,breanna26@example.com,2022-10-05,False,67
514,Justin White,barbarawarner@example.org,2022-02-24,True,41
515,Daniel Gill,gary17@example.net,2023-12-11,False,59
516,Deborah Harvey,russellallen@example.com,2023-10-04,True,54
517,Pamela Griffin,rachel59@example.com,2022-02-06,True,20
518,Annette Benitez,toddshannon@example.net,2023-11-29,False,46
519,John Gallegos,pmora@example.net,2020-09-09,False,31
520,Tonya Harris,wayne62@example.org,2022-01-21,True,58
521,Denise Burnett,adamslinda@example.com,2020-12-20,False,19
522,Gregory Woodard,xfriedman@example.org,2024-12-24,True,30
523,Sarah Esparza,jennifer40@example.com,2021-02-28,False,48
524,Roger Garcia,bjones@example.com,2020-03-12,False,28
525,Amanda Waters,reedkeith@example.org,2022-12-29,True,45
526,Kyle Alexander,qnguyen@example.net,2022-06-04,True,56
527,Nancy Johnson,pgeorge@example.org,2021-10-29,True,53
528,Michael Edwards,ruizdestiny@example.net,2020-03-15,False,27
529,James Haynes,joseph65@example.net,2023-06-18,True,40
530,Kara Rodriguez,esalas@example.org,2022-01-13,True,19
531,Robert Briggs,lisacopeland@example.org,2024-04-13,False,61
532,Tina Bishop,lisa72@example.net,2024-02-14,False,55
533,Samantha Miller,dale29@example.org,2022-03-26,True,68
534,Deborah Boyle,tbailey@example.net,2024-04-08,True,53
535,Jennifer Joyce,derrickgonzalez@example.org,2022-09-10,True,30
536,Jason Mcpherson,michael73@example.com,2020-06-04,True,34
537,Sandra Huffman,lhendrix@example.com,2024-08-12,True,55
538,Justin Espinoza,dmooney@example.org,2023-03-05,True,40
539,Timothy Thomas,michael34@example.net,2024-06-20,False,31
540,Randall Key,kellyramos@example.org,2022-07-16,True,25
541,Fernando Miller,whitneyandrews@example.net,2021-01-12,True,68
542,William Marks,hughesjoshua@example.com,2020-05-19,True,70
543,Donna Garcia,myersgeorge@example.net,2023-12-09,False,58
544,Lisa Bradshaw,carmen99@example.net,2023-04-22,False,41
545,Jeffery George,raymondlamb@example.org,2024-04-28,True,61
546,Brian Gonzalez,hodgealexander@example.org,2023-01-09,True,62
547,Donald Glover,ashleyreed@example.net,2020-06-17,False,66
548,Bill Hart,jonesmichelle@example.org,2022-11-27,True,70
549,Laura Fritz,elowe@example.com,2020-12-17,False,55
550,Tony Johnson,webbpaul@example.com,2021-06-30,False,43
551,Dennis Baldwin,billy00@example.com,2022-12-20,False,57
552,Blake Torres,kathryn30@example.com,2020-08-18,False,54
553,Michael Calhoun,wpeters@example.net,2022-08-25,False,25
554,Brooke Ramirez,wrightchristopher@example.com,2022-09-20,True,55
555,Jacob Wright,moorebrent@example.com,2022-07-09,True,59
556,David Beck,nholmes@example.com,2020-08-23,True,69
557,Joshua Hood,linda11@example.net,2021-09-28,False,44
558,Larry Warren,xbenton@example.org,2020-09-28,False,58
559,Amanda Fuller,yjones@example.net,2024-06-05,False,56
560,Natasha Diaz,john28@example.org,2022-05-26,True,26
561,Jimmy Valentine,jessica38@example.net,2022-05-15,True,35
562,Kimberly Lester,norma44@example.com,2020-03-12,True,34
563,Penny Lara,laurenross@example.org,2024-08-21,True,66
564,Matthew Byrd,ggriffin@example.net,2024-01-04,False,60
565,John Rodriguez,iharvey@example.org,2023-04-04,False,43
566,Sheri Yang,thomas31@example.com,2022-02-04,True,56
567,Claudia Terry,masondiane@example.com,2023-08-31,True,54
568,Raymond Wright,maureen65@example.org,2022-04-28,False,25
569,Christopher Perez,robin11@example.net,2020-08-31,False,24
570,Heather Nolan,lolsen@example.net,2024-03-29,False,23
571,George Hill,gonzalestimothy@example.com,2023-03-19,True,26
572,Jennifer Gutierrez,ellispeter@example.com,2021-02-24,False,48
573,Rachel Moses,catherine68@example.org,2020-12-23,True,56
574,Kelly Rodriguez,nicolehorton@example.com,2022-10-20,False,50
575,William Acosta,fgonzales@example.org,2020-11-10,True,67
576,Mr. James Flores,susanmeadows@example.net,2020-12-16,True,43
577,Laurie Perry,adamsmargaret@example.org,2021-03-21,False,68
578,Joe Greene PhD,cathy34@example.org,2020-03-21,True,53
579,Peter Hampton,rmccann@example.org,2023-02-28,False,54
580,Dr. Shannon Flores,emilymedina@example.org,2024-11-09,True,25
581,Kelly Estrada,pmullins@example.net,2021-01-16,False,39
582,Donna Meyers,floresangela@example.net,2021-11-17,True,44
583,Douglas Carroll,ellen23@example.net,2023-05-31,True,68
584,David Wagner,jasonross@example.com,2023-07-05,True,25
585,Cody Ritter,hsandoval@example.net,2023-09-28,False,62
586,Michelle Watkins,lisa01@example.org,2021-12-02,False,23
587,Madison Graham,hjenkins@example.net,2022-09-21,True,46
588,Brian Smith,dennis46@example.org,2023-08-28,False,61
589,Caleb Clarke,williamsroberto@example.org,2022-02-02,False,60
590,Fernando Smith,avilawilliam@example.org,2022-04-19,True,28
591,Sarah Smith,paigeduran@example.org,2024-03-30,True,69
592,Anthony Harvey,xjones@example.net,2020-06-07,True,68
593,Thomas Irwin,roberto47@example.org,2022-04-30,False,26
594,Michael Guzman,bobby27@example.net,2023-03-10,False,37
595,Brent Brooks,angela68@example.com,2021-02-16,False,66
596,Samantha Berry,maria62@example.net,2020-06-13,False,58
597,Willie Morales,jamiedudley@example.net,2021-04-11,True,36
598,Robert Boyer,hwatkins@example.org,2021-03-14,False,49
599,Melanie Rodriguez,rhall@example.com,2022-05-15,False,43
600,Larry Young PhD,dannydixon@example.com,2020-03-21,True,24
601,Jared Perkins,jessica21@example.com,2024-06-24,False,58
602,Monica Clark,toniwoods@example.net,2024-07-24,False,49
603,Madison Ross,guy95@example.net,2024-03-04,True,38
604,Shelley Simmons,matthewclay@example.net,2022-02-17,False,65
605,Matthew Bates,hollycollins@example.net,2020-03-01,True,60
606,Angela Phillips,charlessnyder@example.net,2022-04-01,True,68
607,Kathy Mayo,lyonskathryn@example.net,2023-09-12,True,33
608,Emily Martin,lindseywilson@example.org,2022-07-10,True,24
609,Lisa Snyder,suzannebonilla@example.org,2023-09-28,True,70
610,Justin Peterson,jacksondaniel@example.net,2020-11-15,False,67
611,Isabel Dixon,rachelcontreras@example.com,2022-09-08,False,64
612,Donald Sandoval,mmeyer@example.org,2022-07-15,True,34
613,Deborah Jackson,robert83@example.org,2024-06-24,True,30
614,Troy Davis,tuckeraaron@example.com,2022-11-10,False,18
615,Travis Smith,sherry34@example.com,2023-07-04,True,62
616,Brandi Johnson,pcarter@example.com,2023-07-17,True,37
617,Eric Hernandez,jshelton@example.com,2021-03-02,False,58
618,Yolanda Anderson,dmartin@example.com,2023-07-25,True,25
619,Nicole Wilson,william96@example.com,2024-07-27,True,26
620,Shannon Conway,clarklisa@example.net,2020-05-06,True,58
621,Amanda Martin,pbell@example.org,2021-03-31,False,37
622,David Lee MD,drobertson@example.org,2022-01-14,True,36
623,Shannon Mcintyre,roselauren@example.com,2023-03-15,False,32
624,Lori Williamson,scottbest@example.net,2020-10-29,False,19
625,Amy Rodriguez,roberta51@example.net,2020-01-20,False,63
626,Chloe Hill PhD,sean66@example.org,2022-06-07,False,24
627,Steven Wilson,jeffery99@example.net,2021-05-20,True,63
628,Sarah Johnston,haynesrebecca@example.net,2022-10-05,False,21
629,Michael Bush,mccoyjessica@example.net,2021-11-19,False,68
630,Laura Bass,mmontgomery@example.net,2020-12-18,True,41
631,Renee Castillo,robinsonlindsay@example.net,2023-05-21,True,42
632,Linda Cooper,melaniethompson@example.com,2023-01-28,True,26
633,Matthew Cowan,barbara13@example.org,2022-02-14,False,63
634,Ashley Spencer,austin18@example.org,2024-05-01,False,43
635,David Johnson,jessica56@example.org,2022-04-10,False,24
636,James Duran,derickson@example.net,2021-01-17,False,32
637,Bethany Wilkinson,daviddavis@example.com,2023-03-21,True,28
638,Tyler Mcmahon,rebecca31@example.org,2023-12-08,True,35
639,Rachael Henson,randall28@example.net,2022-03-20,False,26
640,Carrie Howell,wvalencia@example.com,2021-07-15,False,60
641,Timothy Wagner MD,anthony85@example.com,2024-07-07,True,70
642,Angelica Brown,jaymckee@example.net,2020-10-21,True,31
643,Nicholas Sharp,eric69@example.com,2024-06-01,True,37
644,Douglas Kramer,kennethmullen@example.com,2024-12-25,True,67
645,Jacqueline Burns,vlopez@example.org,2020-11-26,True,55
646,Holly Cross,parkercharles@example.org,2024-10-15,False,37
647,Jessica Clay,ltorres@example.com,2024-11-16,True,29
648,Kim Robinson,christopherberg@example.org,2020-05-17,True,62
649,Jeremy Thompson,harveyjose@example.com,2021-09-22,False,65
650,Tracie Gregory,krystal74@example.net,2021-06-27,True,59
651,Robert Riggs,frazierlatoya@example.com,2024-05-15,False,59
652,Krystal Smith,carpenterbrian@example.net,2021-05-23,True,37
653,Sandra Brandt,clarkjulie@example.org,2023-05-11,True,20
654,Bonnie Gay,qgregory@example.com,2022-01-19,False,64
655,Timothy Wheeler,ydavis@example.net,2021-06-19,True,29
656,Gregory Larson,fredking@example.org,2022-04-16,True,18
657,Ryan Dennis,shermannicholas@example.com,2020-04-30,True,68
658,Sean Harris,rebeccaalvarez@example.com,2020-09-22,False,69
659,Kenneth Hill,dbenjamin@example.net,2020-11-13,False,65
660,Hayley Wilson,william58@example.net,2021-07-06,True,29
661,Adrian Acevedo,mario81@example.org,2022-03-01,False,60
662,Anna Lopez,millersteven@example.org,2022-09-22,True,48
663,Vincent Schmidt,manneddie@example.org,2020-03-28,True,33
664,Xavier Vazquez,christophermoss@example.org,2024-10-19,True,39
665,Kevin Vega,patrickbarber@example.net,2022-09-23,False,19
666,Amanda Wang,emann@example.net,2023-08-30,True,64
667,Scott Campbell,lwhitaker@example.org,2024-12-13,True,30
668,Laura Murphy,danajones@example.net,2021-12-21,False,21
669,Michael Patterson,mendozajason@example.com,2024-09-27,False,52
670,Brandon Hull,tiffanyjones@example.org,2020-08-12,False,66
671,James Smith,jvargas@example.com,2022-08-05,False,65
672,Thomas Wells,floresalison@example.com,2020-02-17,False,27
673,Amanda Sharp,smithmelissa@example.org,2020-08-03,False,44
674,Crystal Adams,mary75@example.com,2022-07-17,True,26
675,James Briggs,nguyenjason@example.com,2024-05-13,True,35
676,Maria Ortiz,robertmedina@example.org,2024-02-11,True,22
677,Jaime Montoya,camachovictoria@example.net,2024-03-16,False,35
678,Sean Luna,dana51@example.com,2021-06-16,False,35
679,Mrs. Erica Garcia,tylerheidi@example.com,2024-07-03,True,40
680,Robert Huynh,jonesdavid@example.net,2023-12-20,False,61
681,Gilbert Williams,colleen65@example.com,2024-05-25,False,48
682,David Mendez DDS,susanruiz@example.net,2020-07-26,False,40
683,Joseph Robles,john81@example.com,2022-12-29,False,39
684,Karen Larson DDS,gabrielle36@example.com,2024-10-15,True,69
685,Kenneth Edwards,hernandezcatherine@example.org,2022-06-13,True,19
686,Melvin Gross,masonkellie@example.org,2022-11-27,True,21
687,Brian Davis,grayamanda@example.com,2023-08-15,False,29
688,Jaime Roth,hacevedo@example.org,2024-03-24,False,34
689,Olivia Smith,samuel74@example.net,2023-01-29,True,63
690,John Thomas,nicholas21@example.net,2022-07-28,True,68
691,Ryan Butler,mitchellhood@example.com,2023-12-11,False,20
692,William Allen,christopher65@example.org,2021-02-21,False,50
693,Eric Baldwin,carolallen@example.net,2023-07-21,False,51
694,Paul Herrera,mark08@example.org,2021-10-10,False,46
695,Eric Hawkins,omaradams@example.org,2020-03-22,True,35
696,Timothy Harris,jjohnson@example.net,2020-05-25,False,59
697,Julian Ochoa,fberry@example.org,2020-02-21,False,23
698,Kevin Mcbride,pjohnson@example.org,2024-07-10,True,24
699,William Miller,danielbuckley@example.org,2020-01-27,False,59
700,Paul Curtis,melissa42@example.net,2021-09-12,True,68
701,Jacob Clayton,hyoung@example.com,2023-08-16,True,33
702,Tara Holt,lauren54@example.net,2020-03-09,True,57
703,Brittany Stevens,boydrebecca@example.net,2020-11-15,True,33
704,Susan Dean,richardjackson@example.org,2021-08-31,False,34
705,Aaron Perkins,chavezsandra@example.com,2021-11-26,True,35
706,Eric Ramirez,ricky04@example.org,2020-04-20,True,65
707,Katie Cunningham,jtaylor@example.com,2020-05-15,True,44
708,Austin Spence,iwilliams@example.com,2022-12-25,True,24
709,James Brewer,imartin@example.org,2021-12-06,False,61
710,William Martinez,richardhughes@example.org,2024-04-05,False,21
711,Joseph Morales,krystal57@example.com,2020-09-05,True,29
712,Anna Woods,emily97@example.com,2021-02-13,True,22
713,Molly Johnson,xsampson@example.org,2021-09-17,False,20
714,Brian Rodriguez,riley68@example.com,2023-11-13,False,26
715,Amy Ortiz,dweaver@example.net,2022-11-26,True,36
716,Donna Soto,elizabethrivera@example.org,2023-01-04,True,18
717,Emily Diaz,jasoncoleman@example.net,2024-07-20,False,61
718,Brittany Parks,angela53@example.com,2023-08-23,True,65
719,Brittany Haynes,schneiderjill@example.net,2021-04-03,True,18
720,Tammy Ward,jenkinsrandy@example.org,2020-04-19,False,68
721,Matthew Reynolds,katelynnguyen@example.org,2020-11-09,False,30
722,Steven Morgan,thompsonerin@example.net,2021-03-30,False,56
723,Luis Martinez,anorton@example.net,2023-08-12,True,29
724,Danielle Torres,christophercook@example.net,2021-11-01,False,52
725,James Silva,whiteheather@example.net,2021-04-29,True,25
726,Amber Gardner,timothymoore@example.net,2020-11-20,True,50
727,Paul Tate,adrienne79@example.org,2020-03-11,True,59
728,Pamela Ramos,landrysherry@example.org,2020-12-31,False,19
729,William Atkins,trobbins@example.net,2023-06-30,False,64
730,Patricia Grant,jamesgill@example.org,2024-08-17,False,48
731,Laura Mcdowell,starkscott@example.org,2022-05-31,True,19
732,Judith Thompson,john23@example.com,2021-04-09,True,46
733,Christopher Roman,chad35@example.org,2022-10-19,True,32
734,Manuel Collins,osmith@example.org,2021-12-18,True,50
735,Lisa Wong,diana38@example.net,2023-01-29,False,29
736,Adrian Spence,pricenorman@example.net,2021-03-21,False,63
737,Lisa Lawrence,craigharris@example.net,2024-08-06,True,60
738,Roberta Jimenez,logancarney@example.org,2023-01-09,False,34
739,Charles Flores,adamsshawna@example.com,2023-03-04,False,61
740,Jasmine Weber,cookjorge@example.org,2020-12-26,True,55
741,William Sosa,erincallahan@example.org,2024-06-07,False,21
742,Jennifer Glass,dana26@example.net,2022-12-19,True,20
743,Peggy Jones,gonzalezmelissa@example.net,2023-06-10,False,21
744,William Miller,williampierce@example.com,2023-02-27,True,43
745,Holly Stephens,anthony62@example.net,2022-09-15,False,43
746,Melanie Church,karnold@example.org,2022-07-22,False,54
747,Susan Clark,pauladixon@example.org,2022-05-07,False,50
748,Jennifer Reyes,jacqueline87@example.net,2024-10-20,True,31
749,Robert Baker,migueltaylor@example.net,2020-12-16,True,64
750,John Wilson,susanconway@example.com,2020-12-26,False,30
751,Shawn Thompson,toddwalker@example.net,2024-05-13,False,60
752,Kimberly Lewis DVM,wrodriguez@example.org,2022-06-04,False,37
753,Patricia Holt,joan72@example.com,2021-01-12,True,40
754,Dr. Yolanda Franco,olivia15@example.org,2023-11-18,False,32
755,Omar Mitchell,jason23@example.net,2021-12-05,True,68
756,Alan Pacheco,matthew23@example.net,2024-08-21,True,25
757,Steven Weaver,fguerrero@example.com,2021-07-20,True,26
758,Jessica Adams,maria40@example.com,2024-01-14,True,58
759,Matthew Grant,janice31@example.net,2021-08-19,True,21
760,Kelly Chase,williamnewman@example.com,2024-04-07,True,63
761,Kiara Ford,theresa10@example.org,2024-06-17,False,59
762,Gina Perez,sfernandez@example.org,2024-09-20,False,57
763,Gregory Carr,andrewpham@example.net,2020-10-20,True,67
764,Elizabeth Robinson,courtneyzimmerman@example.com,2023-06-04,False,46
765,Louis Grant II,westbetty@example.com,2020-09-12,True,47
766,Scott Howard,alexandralane@example.net,2024-10-17,False,22
767,Victoria Marshall,brittany67@example.org,2022-03-15,False,44
768,Laura Christensen,meagan78@example.com,2020-09-13,True,40
769,Melissa Reeves,cynthia72@example.com,2020-04-04,False,63
770,Valerie Walker DDS,jacobgibson@example.com,2024-12-03,True,56
771,Richard Knight,gonzalezcody@example.net,2023-08-29,True,60
772,Stephanie Thornton,christopher80@example.org,2023-06-01,False,62
773,Olivia Austin,dave09@example.com,2022-12-26,False,39
774,Tony Carpenter,briankaiser@example.org,2022-05-01,False,32
775,Christopher Flowers,chad66@example.org,2023-07-13,True,19
776,Amber Colon,bleonard@example.net,2022-07-18,True,56
777,Laura Bennett,heather47@example.org,2022-11-28,False,64
778,Kyle Anderson,jenningscrystal@example.net,2020-02-01,False,62
779,Michael Hernandez,normanashley@example.org,2022-11-22,True,37
780,Nathan Williams,michellehowe@example.com,2020-07-25,False,37
781,Mitchell Bennett,amy64@example.com,2020-07-01,True,44
782,Kelly Wong,jessicabrown@example.net,2021-07-09,False,27
783,Veronica Sloan,kbright@example.com,2024-09-14,True,34
784,Antonio Schmidt,greg37@example.org,2024-04-13,True,50
785,Jerry Atkins,rachelroberts@example.net,2020-04-04,False,32
786,Keith Grant,youngcraig@example.com,2021-12-13,False,25
787,Jeffery Mccarty,kingleslie@example.com,2020-06-12,True,66
788,Raymond Livingston,smartin@example.org,2021-09-21,True,35
789,Adam Holt,bkelly@example.net,2020-02-05,True,26
790,Cynthia Graham,zachary33@example.com,2020-01-06,False,41
791,Rickey Morgan,hubbardcheryl@example.com,2022-11-28,False,66
792,Nicole Moss,kristenoliver@example.com,2021-04-05,False,51
793,Anthony Hendrix,nquinn@example.org,2022-03-31,False,22
794,Joseph Kennedy,carterearl@example.net,2020-02-13,False,28
795,Brian Brown,ramirezbrittany@example.net,2024-03-24,True,30
796,Cassidy Wilkins,rford@example.net,2024-01-11,True,65
797,Jacob Medina,keith32@example.com,2021-12-11,False,63
798,Mitchell Taylor,gregory99@example.org,2022-12-07,False,36
799,Jimmy Rodriguez,ihenry@example.org,2023-03-15,False,37
800,Cassandra Robinson,johncollins@example.net,2020-01-18,True,19
801,Lindsay Collins,samantha00@example.net,2024-04-15,True,51
802,Cheryl Moore,fmaldonado@example.org,2022-09-23,True,46
803,Catherine Colon,abbottdonald@example.net,2023-05-27,False,31
804,Robert Hammond,sarah49@example.com,2020-09-26,False,37
805,Dale Hernandez,felicia44@example.net,2021-04-24,True,24
806,William Holder,troybennett@example.com,2021-06-03,False,68
807,Crystal Holmes,aolson@example.org,2023-05-05,False,53
808,Alexis Wilson,millerjohn@example.net,2024-06-21,False,51
809,John Yang,amandamcconnell@example.net,2023-08-16,True,25
810,Brenda Wyatt,amber46@example.net,2024-11-24,False,54
811,Ronald Moore,laura11@example.net,2024-03-15,False,39
812,Randall Perez,sandyfleming@example.org,2021-02-06,False,34
813,Barbara Chapman,sarah58@example.org,2022-12-27,True,48
814,Kiara Kelly,pottsamber@example.org,2021-11-25,False,69
815,Sara Pace,hillmichelle@example.org,2023-03-21,False,58
816,Brittany Parks,websterwalter@example.com,2024-12-26,False,60
817,Angela Reed,qjimenez@example.net,2022-02-13,True,33
818,Angela Murphy,dmorgan@example.net,2021-03-27,True,70
819,Roy Stone,kathleengallegos@example.net,2023-12-17,False,20
820,Eric Holmes,huberkenneth@example.com,2020-05-20,False,43
821,Ronald Carlson,kathryn53@example.com,2020-01-09,False,64
822,Joshua Cross,ycunningham@example.net,2020-09-17,False,34
823,Jennifer Mclaughlin,jacqueline82@example.org,2022-01-12,False,70
824,Benjamin Carey,bradthomas@example.org,2024-04-14,False,33
825,Marcus Crawford,coopershawn@example.com,2024-03-14,False,54
826,Natasha Guzman,morenodavid@example.net,2024-03-24,False,21
827,Julie Cooke,ggarcia@example.org,2021-12-04,False,25
828,Shannon Sampson MD,richardsdestiny@example.net,2024-01-29,False,41
829,Karen Daniels,taylor33@example.com,2023-08-27,False,25
830,Ashley Hanna,nerickson@example.net,2023-04-02,True,43
831,Nicole Gonzalez,tylerparker@example.com,2020-11-14,True,61
832,Michael Rodriguez,beltrandaniel@example.net,2022-08-11,False,55
833,Richard Fields,christopher05@example.org,2024-08-23,False,42
834,Michelle White,amandaking@example.com,2021-03-01,False,63
835,Connie Larson,millerevelyn@example.com,2021-05-01,True,21
836,Natasha Turner,laurawoods@example.com,2021-06-23,False,40
837,Kaylee Martin,vanessawalters@example.com,2024-10-01,True,18
838,Pamela Johnson,iherrera@example.net,2023-09-02,True,24
839,Pamela Dillon MD,laurendavis@example.org,2022-02-25,False,69
840,Ryan Smith,thomasmathews@example.net,2021-07-27,False,67
841,Lisa Simmons,cindy73@example.net,2023-08-26,True,62
842,Anna Garcia,tommy19@example.net,2021-10-28,False,59
843,David Gallagher,crystal04@example.com,2024-03-09,False,66
844,Danielle Thomas,wbenjamin@example.net,2023-07-07,False,64
845,Mrs. Shelly Franklin,amanda67@example.net,2022-11-12,False,49
846,Richard Chambers,mistywilcox@example.net,2023-03-01,False,56
847,Chelsea Anderson,vincentpope@example.net,2021-07-30,True,51
848,James Rodriguez,thomasmeza@example.org,2023-06-21,False,65
849,Walter Keith,lauramedina@example.com,2021-03-29,True,40
850,Andrew Holder,joshuawilliams@example.net,2020-10-07,True,36
851,Jay Phelps,brittany22@example.org,2024-03-08,True,60
852,Holly Sullivan,wesley81@example.com,2024-05-16,True,59
853,George Davis,katherineharper@example.com,2022-04-15,True,32
854,Dr. Taylor Larson,karencoleman@example.com,2021-06-26,True,59
855,Melissa Smith,beckjulie@example.net,2024-11-08,True,42
856,Matthew Reid,andrew29@example.org,2023-12-17,False,24
857,Rodney Taylor,stefanietrevino@example.com,2021-12-17,False,54
858,Shannon Anderson,chavezdavid@example.com,2020-10-08,False,46
859,Renee Nelson,scottdonna@example.net,2020-11-05,False,24
860,Steven Buckley,gary30@example.org,2021-05-25,True,28
861,Brent Kelly,piercerobin@example.com,2024-02-14,True,59
862,Ronald Mccarthy,dmonroe@example.com,2021-09-27,True,48
863,Amanda Davis,shannon74@example.org,2022-02-15,True,61
864,Samantha Silva,danielle10@example.com,2022-12-19,False,18
865,James Tanner,anthonycobb@example.org,2024-09-15,True,20
866,Katie Alvarado,bjohnson@example.com,2021-12-13,False,38
867,Mark Valenzuela,craigcarey@example.org,2024-03-17,False,36
868,Spencer Howell,evansjames@example.net,2023-10-29,True,65
869,Douglas Adams,jonathon12@example.com,2024-07-08,True,43
870,Melissa Holmes,ogallagher@example.org,2021-09-23,True,52
871,Derrick Matthews,jamespowell@example.net,2022-08-22,True,28
872,Michael Butler,elowe@example.com,2023-05-18,False,41
873,Erik Garrison,chanlauren@example.com,2024-03-30,False,36
874,Christina Hanson,barrettjessica@example.org,2022-12-28,True,18
875,Mr. David Warren,sarah38@example.org,2023-12-19,True,29
876,Chris Lara,amanda29@example.org,2021-06-30,False,23
877,Michelle Smith DVM,shanewade@example.net,2024-09-06,False,33
878,Jessica Montgomery,edwinleon@example.com,2022-08-11,True,55
879,Melissa Bautista,hcunningham@example.com,2023-10-01,False,18
880,Stephanie Barnes,jack87@example.net,2022-03-12,False,34
881,David Smith,stanleyrandy@example.org,2022-11-15,True,25
882,Selena Brown,laurenandrade@example.org,2023-03-08,True,67
883,Sergio Brown,nina58@example.com,2022-11-30,True,48
884,Jason Murphy,kristinawolf@example.net,2024-11-28,True,56
885,Zachary Huber,kimberlyfranco@example.org,2024-06-02,False,45
886,Richard Cole,shellyparker@example.com,2020-01-31,True,31
887,Amanda Brady,elizabeth78@example.com,2023-07-31,False,32
888,Matthew Leonard,roger04@example.net,2021-09-24,True,61
889,Michael Jackson,chad53@example.org,2021-08-29,False,54
890,Eric Smith,adam21@example.org,2022-10-09,False,26
891,Joshua Watts,rachelneal@example.com,2023-08-17,True,61
892,Mr. Michael Smith,opatrick@example.org,2022-12-08,False,32
893,Savannah Orr,samuel65@example.org,2024-09-05,True,53
894,Maria Wheeler,shopkins@example.com,2021-02-09,True,20
895,Michael Allen,ejones@example.com,2020-03-26,True,33
896,Todd Munoz,rgonzalez@example.com,2021-04-30,False,49
897,David Benton,henry58@example.com,2023-07-31,True,62
898,John Wright,zfoley@example.org,2020-06-17,True,68
899,Michelle Lopez,fdaniel@example.com,2022-09-03,False,45
900,Luis Cole,burgessrobert@example.net,2020-12-07,False,51
901,Vanessa Pruitt,kurt05@example.net,2022-02-07,True,28
902,Meghan Jones MD,john43@example.com,2024-03-01,True,19
903,Christie Wallace,adamsrobert@example.org,2021-06-23,True,40
904,Briana Gibson,becky31@example.net,2022-04-22,False,22
905,Stuart Robinson,melanielindsey@example.com,2023-01-13,False,42
906,Matthew Brown,john81@example.com,2021-07-04,False,44
907,Omar Fitzgerald,lstrickland@example.org,2022-05-08,False,26
908,Kristi Park,sean08@example.net,2020-06-19,True,23
909,Shelly Sims,ashleyyoung@example.net,2020-08-14,False,34
910,Brandon Hampton,kimberlywilson@example.net,2023-03-18,True,53
911,Shannon Gonzalez,michellemooney@example.com,2021-04-18,True,21
912,Janet Jenkins,pgoodwin@example.net,2022-02-05,False,25
913,Mariah Taylor,mcgeesarah@example.net,2024-08-19,True,58
914,Chad Colon,kathleenmathews@example.net,2020-04-25,False,44
915,Jose Johnson,darrell90@example.org,2022-06-01,False,22
916,Michael Hampton,marc43@example.net,2021-07-20,True,51
917,Timothy Bailey,joncooke@example.net,2022-01-08,False,44
918,Sandra Torres,jarvissarah@example.org,2022-12-22,False,56
919,Wanda Kelly DVM,ubrown@example.com,2020-05-27,True,67
920,John Hobbs,bethanysellers@example.net,2020-01-22,True,60
921,Alexander Lindsey,loganwhite@example.com,2022-09-05,False,18
922,Stephanie Monroe,nunezkimberly@example.com,2021-04-08,True,21
923,Clayton Benson,jonesjohn@example.com,2021-04-14,False,63
924,Zachary Haynes MD,antonio71@example.com,2020-06-05,False,46
925,Kari Cruz,aaron84@example.com,2022-04-02,False,18
926,Ashley Davis,tammie06@example.org,2022-02-21,False,62
927,Bryce Velasquez,justinramos@example.org,2021-03-01,False,45
928,Jennifer Berry,ntaylor@example.org,2021-08-04,False,55
929,Cynthia Charles,ryanwilliams@example.net,2021-04-19,True,62
930,Jerry Hayes,graydebra@example.org,2022-03-18,True,48
931,Jason Moody,lisa90@example.org,2020-07-23,True,20
932,Tiffany Pratt,xwilliams@example.net,2021-12-23,True,29
933,Dr. Lisa Jones,istone@example.net,2024-07-24,True,19
934,Kaitlyn Cooley,matthew23@example.org,2021-10-03,False,27
935,Howard Morales,ulin@example.org,2023-04-03,False,35
936,Jennifer Higgins,collierruth@example.org,2020-06-27,True,54
937,Tracy Allen,patrickmyers@example.net,2022-02-13,True,28
938,Amanda Richards,bfletcher@example.net,2024-08-10,False,20
939,Paul Cohen,paynedavid@example.net,2021-02-07,False,47
940,Brett Blackburn,michaelsmith@example.net,2021-04-30,True,67
941,Jasmine Powell,ballen@example.com,2023-01-31,True,27
942,Heather Thompson,fgarcia@example.net,2020-11-01,True,66
943,Katherine Frye,kingnicholas@example.net,2024-09-26,False,63
944,Jonathan Williams,rluna@example.org,2023-10-05,True,19
945,Bryce Foster,hhayes@example.com,2023-08-16,False,55
946,James Jones,ramirezdavid@example.com,2024-07-23,False,62
947,Stacey Williams,alexbenson@example.com,2022-01-17,False,19
948,Samantha Donovan,donaldwheeler@example.net,2020-02-25,True,66
949,Krista Harris,daughertysara@example.net,2023-01-15,True,65
950,Todd Wilson,scooper@example.org,2024-08-15,True,20
951,Alexandra Murphy,heatherburke@example.org,2021-10-11,False,59
952,Jennifer Harmon,turnerbrandon@example.net,2020-11-09,False,44
953,Doris Mcconnell,bcarter@example.org,2020-02-02,True,43
954,Rachel Hudson,nathan21@example.org,2024-05-14,False,31
955,Manuel Roberts,timothy09@example.com,2020-08-10,False,46
956,Logan Poole,joshua15@example.net,2022-08-05,False,38
957,Cameron Martinez,amanda21@example.com,2024-02-12,True,27
958,Brittany Randall,mileskatie@example.net,2021-05-26,False,50
959,Donald Oconnor,fulleramy@example.com,2024-05-07,False,52
960,Gregory Boyle,kevinjacobson@example.com,2024-12-24,True,49
961,Scott Delgado,stevensanna@example.com,2021-11-13,True,56
962,Joseph Lee,ryantodd@example.org,2023-05-01,False,60
963,Vanessa Lane,joshua33@example.com,2022-09-18,True,38
964,Jessica Solis,codyjones@example.org,2021-03-20,True,26
965,Mariah Wilson,annadixon@example.org,2023-07-16,True,34
966,Charles Anderson,peter42@example.net,2021-08-29,False,46
967,Megan Brown,nkent@example.net,2023-04-16,True,55
968,Tony Holt,richard28@example.org,2023-02-28,True,45
969,Christopher Colon,stephanie53@example.org,2021-10-03,False,22
970,Kevin Bradley,donnafleming@example.org,2021-10-30,True,60
971,Michael Morales,hhicks@example.org,2023-10-01,True,50
972,Tiffany Carr,lturner@example.net,2022-04-30,False,52
973,Jill Beck,scott75@example.com,2020-07-13,True,27
974,Robert Ortiz,hwilliams@example.com,2022-09-11,False,35
975,Jason Dawson,danielle79@example.net,2020-04-22,False,22
976,Lisa Mitchell,hhall@example.com,2021-02-22,True,26
977,Scott Bailey,wfranco@example.org,2020-03-26,False,64
978,Raymond Bell,matthew02@example.org,2021-09-20,True,36
979,Donald Taylor,thompsonashley@example.org,2024-07-14,False,37
980,Donna Martinez,moonjoseph@example.com,2020-10-20,True,25
981,Samuel Cochran,chaneycassie@example.net,2020-03-30,True,24
982,Travis Smith,penachristopher@example.net,2021-11-14,True,24
983,Gerald Butler Jr.,gwendolynkelly@example.com,2020-11-29,False,37
984,Robert Bowen,laurajames@example.com,2021-05-17,False,26
985,Eddie Wall,zwashington@example.com,2022-04-15,False,18
986,Brenda Burns,shorn@example.net,2022-01-23,False,21
987,Dennis Thomas,suzanne71@example.com,2022-09-14,True,50
988,Matthew Williams,debra74@example.net,2023-09-09,False,32
989,Jermaine West,ovalenzuela@example.com,2022-03-26,False,34
990,James Jones,tscott@example.com,2020-03-14,True,23
991,Patrick Webster,oyoung@example.org,2024-03-29,True,51
992,Isaiah Brown,amanda76@example.org,2023-09-06,True,21
993,Daniel Benson,carrjohn@example.net,2023-12-20,False,24
994,April Lee,cwagner@example.net,2020-08-09,True,35
995,Amanda Terry,susan48@example.net,2021-06-15,True,22
996,Christopher Thomas,egreen@example.net,2020-08-20,True,47
997,Jack Chung,brittneyrichardson@example.org,2020-09-14,False,63
998,Louis Thompson,richardguerra@example.com,2021-06-28,False,31
999,Jacob Marshall,jcarroll@example.org,2023-12-24,False,39
1000,Jessica Jones,armstrongamy@example.org,2020-06-13,False,52
